UserID,FullName,Address,Phone,Email,RegistrationDate
1,Alice Johnson,"123 Pet Lane, Citytown",+1234567890,alice.johnson@example.com,2019-02-15
2,Bob Smith,"456 Animal Ave, Petville",+9876543210,bob.smith@example.com,2020-05-30
3,Charlie Brown,"789 Furball St, Barktown",+1122334455,charlie.brown@example.com,2018-08-10
4,Daisy Green,"101 Catnip Dr, Meowcity",+9988776655,daisy.green@example.com,2021-03-12
5,Edward Black,"202 Fetch Rd, Dogtown",+1230984567,edward.black@example.com,2022-11-05
6,Fiona White,"303 Bark St, Woofville",+4563217890,fiona.white@example.com,2023-01-20
7,George Blue,"404 Scratch Blvd, Clawtown",+7896541230,george.blue@example.com,2017-06-18
8,Hannah Yellow,"505 Purr Path, Catville",+1239874560,hannah.yellow@example.com,2024-04-01
9,Ivy Orange,"606 Tail Trail, Petland",+9871236540,ivy.orange@example.com,2019-09-25
10,Jack Red,"707 Paw Way, Furtown",+6547893210,jack.red@example.com,2020-12-11
11,Kathy Purple,"808 Claw Rd, Petworld",+3214569870,kathy.purple@example.com,2018-03-15
12,Leo Gray,"909 Meow Ln, Animalcity",+1472583690,leo.gray@example.com,2021-10-22
13,Mia Violet,"1010 Chew Ave, Dogland",+9517538520,mia.violet@example.com,2022-07-04
14,Noah Green,"1111 Barking Blvd, Petville",+8527419630,noah.green@example.com,2023-09-13
15,Olivia Brown,"1212 Purring Rd, Meowtown",+7539514560,olivia.brown@example.com,2017-11-06
16,Paul Pink,"1313 Fetch Dr, Dogtown",+6541237890,paul.pink@example.com,2019-01-29
17,Quinn Gold,"1414 Tail St, Petland",+1236547890,quinn.gold@example.com,2024-06-18
18,Riley Silver,"1515 Pawpath, Furtown",+7893216540,riley.silver@example.com,2021-05-25
19,Sophia Black,"1616 Chew Blvd, Barkcity",+8529637410,sophia.black@example.com,2022-08-30
20,Thomas Cyan,"1717 Catnip Ln, Meowland",+9514567890,thomas.cyan@example.com,2020-03-10
21,Uma Teal,"1818 Tail Ave, Dogtown",+9517896540,uma.teal@example.com,2023-11-25
22,Victor Lime,"1919 Pawpath, Petworld",+7894561230,victor.lime@example.com,2019-10-05
23,Wendy Gold,"2020 Meow Blvd, Furtown",+7418529630,wendy.gold@example.com,2018-07-19
24,Xavier Jade,"2121 Scratch Rd, Barkville",+9632587410,xavier.jade@example.com,2024-01-15
25,Yara Silver,"2222 Purr St, Catville",+9513574860,yara.silver@example.com,2020-05-03
26,Zach Crimson,"2323 Barking Blvd, Dogland",+1238524560,zach.crimson@example.com,2019-04-14
27,Abby Copper,"2424 Catnip Dr, Meowcity",+7413692580,abby.copper@example.com,2022-02-28
28,Ben Hazel,"2525 Chew Blvd, Petland",+1593578520,ben.hazel@example.com,2023-10-10
29,Cathy Indigo,"2626 Purring Path, Furtown",+7891234560,cathy.indigo@example.com,2017-12-31
30,Derek Blue,"2727 Meow Ln, Animalcity",+4569873210,derek.blue@example.com,2021-06-05
31,Elena Mauve,"2828 Tail Rd, Petville",+9631472580,elena.mauve@example.com,2019-09-22
32,Frank Red,"2929 Pawpath, Barktown",+3579514560,frank.red@example.com,2022-01-17
33,Grace Mint,"3030 Scratch Blvd, Catland",+7893214560,grace.mint@example.com,2024-08-11
34,Hector Olive,"3131 Chew Dr, Dogtown",+8526549510,hector.olive@example.com,2018-03-04
35,Isla Cyan,"3232 Purring Path, Furtown",+1594863570,isla.cyan@example.com,2020-11-08
36,Jake Navy,"3333 Tail Blvd, Petworld",+7531594860,jake.navy@example.com,2021-07-26
37,Kelly Orange,"3434 Barking Rd, Dogtown",+9518526540,kelly.orange@example.com,2017-04-18
38,Liam Purple,"3535 Catnip Dr, Meowtown",+3574561590,liam.purple@example.com,2019-05-06
39,Mila Green,"3636 Meow Path, Petcity",+6549513570,mila.green@example.com,2023-02-21
40,Nate Violet,"3737 Purr Blvd, Catland",+9513571590,nate.violet@example.com,2022-06-14
