FullName,Address,Phone,Email,RegistrationDate
Alice Johnson,"123 Pet Lane, Citytown",+1234567890,alice.johnson@example.com,2019-02-15
Bob Smith,"456 Animal Ave, Petville",+9876543210,bob.smith@example.com,2020-05-30
Charlie Brown,"789 Furball St, Barktown",+1122334455,charlie.brown@example.com,2018-08-10
Daisy Green,"101 Catnip Dr, Meowcity",+9988776655,daisy.green@example.com,2021-03-12
Edward Black,"202 Fetch Rd, Dogtown",+1230984567,edward.black@example.com,2022-11-05
Fiona White,"303 Bark St, Woofville",+4563217890,fiona.white@example.com,2023-01-20
George Blue,"404 Scratch Blvd, Clawtown",+7896541230,george.blue@example.com,2017-06-18
Hannah Yellow,"505 Purr Path, Catville",+1239874560,hannah.yellow@example.com,2024-04-01
Ivy Orange,"606 Tail Trail, Petland",+9871236540,ivy.orange@example.com,2019-09-25
Jack Red,"707 Paw Way, Furtown",+6547893210,jack.red@example.com,2020-12-11
Kathy Purple,"808 Claw Rd, Petworld",+3214569870,kathy.purple@example.com,2018-03-15
Leo Gray,"909 Meow Ln, Animalcity",+1472583690,leo.gray@example.com,2021-10-22
Mia Violet,"1010 Chew Ave, Dogland",+9517538520,mia.violet@example.com,2022-07-04
Noah Green,"1111 Barking Blvd, Petville",+8527419630,noah.green@example.com,2023-09-13
Olivia Brown,"1212 Purring Rd, Meowtown",+7539514560,olivia.brown@example.com,2017-11-06
Paul Pink,"1313 Fetch Dr, Dogtown",+6541237890,paul.pink@example.com,2019-01-29
Quinn Gold,"1414 Tail St, Petland",+1236547890,quinn.gold@example.com,2024-06-18
Riley Silver,"1515 Pawpath, Furtown",+7893216540,riley.silver@example.com,2021-05-25
Sophia Black,"1616 Chew Blvd, Barkcity",+8529637410,sophia.black@example.com,2022-08-30
Thomas Cyan,"1717 Catnip Ln, Meowland",+9514567890,thomas.cyan@example.com,2020-03-10
